1,Emma,NULL,Male,USA,Manchester,2025-07-28
2,John,NULL,Male,Germany,Paris,2022-08-11
3,NULL,Taylor,Male,NULL,Berlin,2022-09-12
4,Daniel,NULL,Male,France,NULL,2024-11-25
5,Daniel,Martin,NULL,USA,Paris,2024-09-24
6,NULL,Johnson,Male,NULL,NULL,2025-04-23
7,John,NULL,Male,Canada,Manchester,2023-08-16
8,Daniel,NULL,Male,USA,Berlin,2024-07-08
9,David,NULL,NULL,NULL,Sao Paulo,2023-07-23
10,NULL,Martin,NULL,NULL,Vancouver,2022-06-19
11,NULL,NULL,Male,NULL,Berlin,2025-05-16
12,NULL,Anderson,Male,NULL,NULL,2024-10-29
13,John,NULL,Female,NULL,NULL,2023-12-08
14,Sarah,NULL,Male,NULL,London,2024-08-14
15,James,Johnson,Male,NULL,NULL,2025-02-26
16,NULL,White,Male,USA,Berlin,2023-04-03
17,NULL,Smith,Male,Germany,Manchester,2024-01-22
18,Sarah,NULL,Female,Brazil,Chicago,2024-06-29
19,David,White,Female,Germany,Sao Paulo,2024-11-09
20,Olivia,NULL,Male,Canada,New York,2022-06-06
21,NULL,Smith,Male,UK,NULL,2023-05-30
22,NULL,NULL,Female,NULL,Toronto,2023-04-24
23,Linda,NULL,NULL,USA,Chicago,2024-06-05
24,NULL,NULL,NULL,NULL,Berlin,2024-04-26
25,Emma,NULL,NULL,Germany,Toronto,2022-03-14
26,NULL,Jackson,NULL,NULL,Manchester,2022-04-22
27,Sarah,Anderson,NULL,France,Berlin,2024-01-20
28,Michael,NULL,Male,USA,Sao Paulo,2024-05-07
29,Daniel,Martin,Female,Brazil,Vancouver,2025-07-18
30,NULL,White,NULL,Germany,New York,2025-08-07
31,NULL,Martin,Female,France,London,2024-11-18
32,John,NULL,NULL,NULL,Chicago,2022-01-18
33,Emma,Smith,Male,NULL,New York,2023-02-03
34,Sophia,NULL,NULL,Canada,New York,2023-11-26
35,David,NULL,Male,UK,NULL,2023-03-11
36,John,NULL,Male,Canada,New York,2025-03-14
37,NULL,NULL,Male,NULL,Munich,2022-08-30
38,NULL,Johnson,Female,Canada,Sao Paulo,2023-08-24
39,Sarah,Johnson,Female,NULL,NULL,2025-09-28
40,Sophia,Brown,Male,NULL,Manchester,2022-04-16
41,Michael,NULL,Male,UK,NULL,2025-08-10
42,NULL,Smith,Male,NULL,London,2025-01-14
43,James,Taylor,Male,NULL,London,2023-09-10
44,NULL,Anderson,NULL,USA,Paris,2022-07-02
45,John,Johnson,Male,NULL,NULL,2025-10-16
46,NULL,NULL,Female,NULL,New York,2023-04-28
47,Emma,Johnson,Female,Germany,Sao Paulo,2022-02-13
48,Sophia,Smith,NULL,UK,Munich,2023-05-06
49,Sarah,Thomas,Male,USA,NULL,2025-07-14
50,Michael,White,Female,NULL,NULL,2024-11-24
51,Linda,Johnson,Male,Canada,Berlin,2024-11-04
52,John,NULL,Male,Canada,NULL,2025-10-14
53,NULL,Martin,Male,Canada,NULL,2023-06-27
54,Sophia,NULL,Male,UK,Toronto,2023-09-23
55,Sarah,NULL,Male,UK,Berlin,2023-12-22
56,John,NULL,Male,UK,Manchester,2024-01-24
57,John,Anderson,Female,UK,Vancouver,2023-10-09
58,John,Johnson,NULL,Canada,London,2023-10-05
59,Daniel,Johnson,Male,USA,New York,2024-03-20
60,Sophia,Smith,Male,USA,Chicago,2022-11-27
61,Daniel,Taylor,Male,Canada,NULL,2022-08-07
62,James,Johnson,Female,NULL,Berlin,2023-09-27
63,NULL,NULL,NULL,Brazil,NULL,2022-05-27
64,David,Taylor,Male,NULL,Paris,2025-10-19
65,James,Thomas,Female,UK,NULL,2024-11-30
66,NULL,Anderson,Male,USA,Vancouver,2025-08-03
67,Sarah,Anderson,Male,UK,NULL,2022-09-14
68,NULL,Smith,Male,USA,Berlin,2023-04-18
69,John,Taylor,Female,France,Toronto,2024-08-24
70,Michael,NULL,NULL,USA,Berlin,2025-05-23
71,James,Jackson,Female,Germany,NULL,2024-11-12
72,David,Thomas,NULL,Brazil,NULL,2024-05-05
73,Sarah,Anderson,Male,NULL,Sao Paulo,2023-11-18
74,NULL,Taylor,NULL,Canada,New York,2025-10-07
75,NULL,Brown,Male,Canada,New York,2025-09-28
76,David,NULL,NULL,Germany,New York,2024-01-06
77,David,NULL,Male,NULL,Toronto,2022-10-20
78,Daniel,Thomas,Female,NULL,Sao Paulo,2024-12-07
79,NULL,Taylor,NULL,USA,London,2025-03-25
80,Linda,NULL,Female,NULL,Paris,2022-02-10
81,Daniel,Taylor,Male,Germany,Vancouver,2023-12-12
82,John,White,Male,Canada,NULL,2025-03-02
83,Michael,NULL,Male,Brazil,Paris,2022-03-13
84,NULL,NULL,Male,Germany,London,2025-05-01
85,NULL,NULL,Male,USA,Paris,2024-04-11
86,NULL,Taylor,NULL,UK,Vancouver,2023-02-08
87,Olivia,Brown,NULL,NULL,NULL,2024-11-08
88,Emma,Anderson,Female,UK,NULL,2022-10-18
89,NULL,Johnson,Female,NULL,Manchester,2025-03-22
90,NULL,NULL,Female,France,NULL,2025-01-14
91,NULL,Martin,Male,Brazil,NULL,2025-05-12
92,Sarah,NULL,Male,NULL,Berlin,2022-02-27
93,NULL,Brown,Male,NULL,NULL,2025-01-27
94,John,Brown,Female,NULL,London,2023-11-09
95,James,NULL,Male,NULL,Paris,2024-03-10
96,NULL,Brown,NULL,USA,NULL,2022-11-17
97,NULL,Johnson,Male,Brazil,Manchester,2023-09-30
98,NULL,White,Male,NULL,London,2022-11-15
99,NULL,Thomas,NULL,Brazil,New York,2022-02-21
100,NULL,White,Male,Germany,London,2024-08-17
101,NULL,NULL,Male,Germany,NULL,2025-04-01
102,NULL,Thomas,NULL,Canada,New York,2025-07-31
103,Daniel,Taylor,Male,France,NULL,2022-06-03
104,NULL,NULL,Male,NULL,Chicago,2024-03-15
105,NULL,NULL,Male,NULL,NULL,2024-03-01
106,Linda,Thomas,Male,Germany,NULL,2025-06-01
107,Linda,NULL,Female,USA,NULL,2025-08-16
108,Michael,White,Male,NULL,Sao Paulo,2022-09-26
109,NULL,White,Female,NULL,Vancouver,2024-04-16
110,David,Smith,Male,USA,Sao Paulo,2023-04-29
111,NULL,NULL,Male,Canada,Vancouver,2022-03-20
112,NULL,NULL,Female,Germany,NULL,2023-12-18
113,NULL,NULL,Female,NULL,Paris,2025-06-16
114,NULL,Martin,NULL,NULL,NULL,2022-03-10
115,NULL,Taylor,Female,Germany,NULL,2023-12-19
116,Sarah,Smith,NULL,USA,Paris,2022-12-29
117,Emma,Jackson,NULL,NULL,NULL,2025-05-12
118,NULL,Smith,NULL,Canada,Vancouver,2025-04-19
119,NULL,Brown,Male,NULL,Sao Paulo,2024-11-15
120,David,NULL,Male,NULL,NULL,2024-07-12
121,Sarah,Martin,NULL,NULL,New York,2024-12-20
122,David,NULL,NULL,NULL,London,2023-09-02
123,NULL,NULL,Male,Brazil,Berlin,2025-06-04
124,NULL,Brown,NULL,NULL,Sao Paulo,2023-05-09
125,Sophia,Anderson,Female,UK,NULL,2022-10-23
126,Emma,Taylor,Male,USA,Chicago,2022-07-29
127,NULL,Anderson,NULL,Brazil,Vancouver,2023-06-20
128,Emma,Smith,Female,UK,NULL,2025-02-26
129,Michael,Taylor,Female,Germany,Toronto,2025-06-10
130,John,Harris,Male,USA,Toronto,2023-04-06
131,NULL,Jackson,Male,NULL,NULL,2024-11-07
132,Michael,Anderson,NULL,NULL,NULL,2025-07-25
133,NULL,NULL,Female,USA,Sao Paulo,2023-11-13
134,NULL,Johnson,NULL,Germany,NULL,2022-09-28
135,John,NULL,NULL,France,NULL,2024-09-01
136,Emma,Smith,Male,UK,Sao Paulo,2022-08-30
137,Michael,NULL,Male,France,Vancouver,2023-12-30
138,NULL,Harris,Male,France,London,2024-03-24
139,NULL,Harris,Male,NULL,London,2023-08-10
140,David,NULL,NULL,USA,New York,2025-07-17
141,NULL,NULL,Male,USA,NULL,2024-07-22
142,NULL,Anderson,Male,Germany,NULL,2025-03-13
143,Daniel,Anderson,Male,France,NULL,2024-01-20
144,James,NULL,Female,NULL,NULL,2023-06-05
145,John,Johnson,Female,NULL,New York,2023-02-01
146,Daniel,NULL,Male,Canada,NULL,2023-02-26
147,Sophia,Thomas,Male,Canada,London,2022-06-06
148,Sophia,Smith,Female,Canada,Paris,2022-03-09
149,Daniel,Smith,Female,NULL,Paris,2023-01-26
150,NULL,Thomas,Female,NULL,Sao Paulo,2022-12-16
151,NULL,NULL,Male,NULL,London,2022-06-11
152,Sophia,White,Male,NULL,New York,2023-11-26
153,Sarah,Harris,Female,NULL,Chicago,2025-10-17
154,NULL,Smith,Male,NULL,Paris,2022-01-13
155,NULL,NULL,Female,NULL,NULL,2025-08-02
156,NULL,NULL,Female,Germany,NULL,2024-02-03
157,John,Johnson,NULL,UK,Chicago,2023-07-03
158,NULL,Smith,Male,NULL,NULL,2023-01-20
159,Michael,NULL,Female,Canada,Manchester,2023-08-28
160,Sarah,Thomas,NULL,Canada,New York,2023-12-31
161,NULL,NULL,Male,Germany,Manchester,2023-07-20
162,John,Johnson,NULL,UK,Paris,2023-03-04
163,John,Smith,Male,USA,NULL,2024-03-15
164,Sophia,NULL,Female,NULL,Berlin,2024-12-16
165,David,Thomas,Female,Germany,London,2024-07-12
166,David,Smith,NULL,NULL,NULL,2022-01-31
167,Emma,Taylor,Female,Canada,NULL,2025-06-12
168,Michael,NULL,Male,USA,NULL,2024-07-23
169,NULL,NULL,Female,USA,Manchester,2025-06-21
170,James,Harris,Male,UK,Vancouver,2022-04-26
171,Olivia,White,Female,NULL,Toronto,2023-09-03
172,Michael,Johnson,NULL,USA,NULL,2022-12-03
173,David,NULL,Male,UK,NULL,2023-12-08
174,Emma,White,Male,Germany,Chicago,2023-02-15
175,NULL,NULL,Female,France,NULL,2023-02-20
176,NULL,Taylor,NULL,NULL,Munich,2024-05-17
177,Olivia,Johnson,NULL,USA,London,2025-04-07
178,Emma,Smith,Female,NULL,Munich,2022-09-12
179,Sophia,Smith,Male,NULL,Toronto,2023-11-24
180,Sarah,Harris,Female,NULL,Toronto,2024-06-14
181,John,White,Male,Canada,Toronto,2025-05-01
182,NULL,Brown,Male,UK,NULL,2025-02-23
183,Sarah,NULL,Male,UK,NULL,2024-05-20
184,NULL,Harris,Male,UK,London,2023-09-25
185,NULL,Taylor,Male,Brazil,Manchester,2025-01-07
186,NULL,NULL,Male,Brazil,Vancouver,2022-03-30
187,Michael,Anderson,Male,Canada,NULL,2024-07-12
188,NULL,Taylor,Female,Germany,Toronto,2024-07-16
189,Olivia,NULL,Female,Canada,NULL,2024-05-01
190,NULL,White,Male,Canada,Paris,2024-01-27
191,Daniel,NULL,Male,NULL,NULL,2022-02-12
192,NULL,Harris,Female,UK,Munich,2022-04-20
193,Sophia,NULL,NULL,Brazil,NULL,2022-03-23
194,Michael,Martin,NULL,USA,New York,2024-01-17
195,David,NULL,NULL,France,NULL,2022-08-07
196,NULL,Jackson,Female,USA,New York,2023-07-28
197,NULL,Jackson,Male,NULL,NULL,2024-01-23
198,NULL,NULL,Male,USA,NULL,2025-10-17
199,Michael,White,Female,NULL,London,2023-06-14
200,NULL,Smith,Male,NULL,Berlin,2022-03-18
201,NULL,Smith,Female,Germany,Berlin,2022-08-31
202,Sarah,Brown,Male,France,NULL,2022-09-01
203,NULL,NULL,Female,France,Sao Paulo,2023-03-05
204,Olivia,NULL,Female,NULL,Sao Paulo,2025-09-28
205,NULL,Smith,NULL,NULL,Berlin,2024-01-23
206,NULL,NULL,Male,Canada,NULL,2025-06-12
207,NULL,Harris,Male,NULL,New York,2024-07-05
208,Sophia,Brown,Male,USA,London,2025-05-06
209,Linda,Johnson,Male,USA,NULL,2023-04-04
210,NULL,Smith,Female,Brazil,Vancouver,2025-01-31
211,Michael,White,Female,USA,NULL,2024-05-13
212,Sophia,Taylor,NULL,France,Sao Paulo,2022-11-11
213,James,Johnson,Male,Germany,NULL,2024-12-04
214,NULL,NULL,Male,USA,NULL,2024-01-25
215,NULL,NULL,Male,NULL,NULL,2023-09-28
216,Emma,Martin,Female,NULL,London,2025-07-02
217,NULL,Smith,NULL,UK,NULL,2023-06-20
218,NULL,Harris,Male,NULL,Sao Paulo,2024-08-01
219,NULL,White,Male,USA,NULL,2022-08-27
220,Sophia,Harris,Male,Brazil,New York,2025-08-18
221,NULL,Johnson,Male,UK,NULL,2023-05-12
222,David,NULL,Male,Canada,Toronto,2025-03-11
223,NULL,Taylor,Female,Canada,New York,2022-11-24
224,NULL,Thomas,Male,Canada,Paris,2022-06-29
225,Linda,NULL,Male,NULL,NULL,2022-09-03
226,NULL,White,Female,NULL,Munich,2022-11-07
227,David,NULL,Male,UK,NULL,2024-01-25
228,John,NULL,NULL,France,NULL,2025-09-02
229,NULL,Taylor,Male,NULL,NULL,2024-01-14
230,NULL,Smith,Male,USA,NULL,2022-03-22
231,Emma,Johnson,Male,NULL,Toronto,2023-01-19
232,John,Johnson,Male,Canada,Sao Paulo,2022-07-12
233,Sarah,NULL,Male,USA,Toronto,2024-12-06
234,Olivia,Harris,Male,Germany,Toronto,2022-08-05
235,Emma,Harris,Male,USA,Paris,2023-05-12
236,NULL,Harris,Male,Germany,New York,2024-10-27
237,NULL,White,NULL,Germany,NULL,2023-01-21
238,Sophia,Taylor,Female,Brazil,Berlin,2023-01-25
239,John,White,NULL,Germany,Toronto,2025-10-08
240,NULL,NULL,Male,Germany,Berlin,2024-04-21
241,Michael,Brown,Male,Canada,Toronto,2023-05-14
242,Sarah,Smith,Male,NULL,Berlin,2023-01-24
243,Sarah,Anderson,Female,Germany,Chicago,2025-03-09
244,NULL,Anderson,Male,NULL,Berlin,2025-10-24
245,Sophia,Brown,NULL,USA,Toronto,2023-10-31
246,NULL,NULL,Male,USA,New York,2023-10-06
247,James,Harris,NULL,Canada,London,2025-09-11
248,NULL,NULL,Female,UK,Paris,2024-07-06
249,Michael,White,Male,NULL,NULL,2024-06-13
250,Sophia,Thomas,Female,Germany,Berlin,2024-04-02
251,Sarah,NULL,Male,Canada,Toronto,2023-05-16
252,John,NULL,Male,USA,Manchester,2025-01-11
253,Michael,Anderson,Male,UK,NULL,2024-07-29
254,NULL,Taylor,Female,UK,Chicago,2024-04-01
255,NULL,NULL,Male,NULL,NULL,2025-08-13
256,NULL,Anderson,Male,Germany,Berlin,2025-05-19
257,John,Taylor,NULL,USA,NULL,2024-08-14
258,Sarah,Johnson,Male,Germany,NULL,2025-04-24
259,Michael,NULL,Male,NULL,New York,2024-01-15
260,Daniel,Brown,Male,France,NULL,2025-04-29
261,NULL,Harris,Female,Brazil,Vancouver,2024-06-23
262,NULL,Harris,NULL,Germany,Sao Paulo,2022-02-09
263,NULL,Thomas,Male,NULL,Berlin,2022-11-03
264,Michael,Johnson,Male,UK,Vancouver,2022-04-10
265,Emma,NULL,Female,USA,Sao Paulo,2023-03-17
266,Michael,Brown,Female,NULL,NULL,2024-04-15
267,NULL,Brown,Male,NULL,NULL,2025-06-20
268,Daniel,NULL,Male,Canada,Berlin,2024-06-02
269,NULL,NULL,Female,NULL,NULL,2022-10-07
270,David,Taylor,Male,NULL,NULL,2022-02-11
271,Daniel,Taylor,NULL,UK,NULL,2023-05-09
272,NULL,Smith,Female,Germany,Berlin,2022-01-13
273,Daniel,NULL,Male,UK,New York,2025-04-26
274,NULL,NULL,Male,NULL,NULL,2022-05-14
275,John,White,Male,NULL,Manchester,2022-01-29
276,John,Johnson,Female,NULL,New York,2025-02-08
277,Michael,Smith,Male,Germany,NULL,2022-12-04
278,NULL,Martin,Female,Canada,NULL,2023-12-23
279,NULL,Thomas,Male,NULL,London,2025-02-22
280,NULL,Brown,Female,UK,Chicago,2022-05-30
281,Linda,NULL,Female,UK,NULL,2024-10-16
282,David,Smith,Male,Germany,Sao Paulo,2025-07-08
283,Michael,NULL,NULL,Canada,London,2022-11-19
284,Emma,Martin,Male,NULL,London,2024-02-12
285,Emma,Smith,Male,Germany,New York,2025-08-01
286,David,Anderson,Female,NULL,NULL,2023-07-28
287,NULL,Smith,Male,USA,New York,2023-06-07
288,Emma,NULL,Male,Germany,Berlin,2024-09-28
289,NULL,NULL,Male,NULL,NULL,2024-01-08
290,James,NULL,Female,NULL,New York,2024-09-15
291,Sophia,NULL,NULL,Germany,NULL,2023-04-26
292,Michael,NULL,Male,Germany,Toronto,2024-01-22
293,Emma,Harris,Female,Brazil,NULL,2023-11-24
294,Emma,Martin,NULL,UK,Chicago,2025-08-21
295,NULL,NULL,Male,USA,London,2025-02-28
296,NULL,NULL,Male,UK,NULL,2023-04-28
297,David,NULL,Female,NULL,Sao Paulo,2023-05-09
298,David,Smith,NULL,Germany,New York,2022-05-13
299,Linda,NULL,Male,USA,Manchester,2023-01-08
300,NULL,NULL,Male,USA,NULL,2022-08-20
301,Michael,NULL,Male,Brazil,NULL,2023-11-16
302,NULL,Brown,Male,Canada,Paris,2023-06-30
303,John,Martin,Male,NULL,NULL,2024-04-13
304,Sarah,Smith,NULL,NULL,New York,2023-08-07
305,Linda,Thomas,Male,NULL,Sao Paulo,2024-11-29
306,Olivia,Brown,Male,USA,NULL,2024-09-02
307,NULL,White,NULL,USA,NULL,2023-03-29
308,Michael,White,NULL,Canada,Toronto,2024-11-28
309,Emma,Brown,Female,USA,NULL,2022-07-14
310,Michael,NULL,NULL,NULL,Vancouver,2024-07-26
311,Michael,Jackson,Female,Canada,Chicago,2025-08-05
312,NULL,NULL,Male,NULL,Sao Paulo,2022-01-22
313,James,Johnson,NULL,NULL,Vancouver,2024-10-11
314,NULL,NULL,NULL,USA,Manchester,2023-01-30
315,Sarah,NULL,Male,France,NULL,2023-02-23
316,Emma,NULL,Female,NULL,Sao Paulo,2025-02-05
317,James,Johnson,NULL,USA,Munich,2025-01-30
318,NULL,NULL,Male,NULL,Toronto,2023-08-21
319,NULL,Smith,Male,NULL,NULL,2024-07-01
320,David,White,Female,NULL,NULL,2022-04-22
321,David,NULL,NULL,NULL,Manchester,2025-09-14
322,NULL,White,Male,NULL,London,2023-01-26
323,NULL,Johnson,Male,Germany,NULL,2023-12-11
324,Sarah,Johnson,Male,Germany,Paris,2023-10-01
325,Sarah,Thomas,Female,Brazil,NULL,2022-03-18
326,NULL,Thomas,Female,Germany,NULL,2023-09-26
327,NULL,NULL,Male,Brazil,New York,2023-04-02
328,Olivia,NULL,Male,France,NULL,2025-10-13
329,NULL,White,Male,Canada,New York,2025-10-16
330,James,Taylor,Male,UK,NULL,2023-03-20
331,Michael,White,Female,USA,New York,2024-03-19
332,John,NULL,Female,Brazil,NULL,2025-07-09
333,James,NULL,Male,USA,Sao Paulo,2024-08-13
334,Michael,Taylor,NULL,UK,Toronto,2022-09-20
335,Sophia,Anderson,NULL,USA,NULL,2022-05-22
336,Sarah,NULL,Male,UK,NULL,2024-01-15
337,Sarah,NULL,NULL,USA,New York,2022-04-02
338,James,NULL,Female,Canada,Paris,2023-06-28
339,Sophia,NULL,Female,Germany,NULL,2022-02-17
340,Michael,NULL,Female,NULL,Munich,2024-09-14
341,Emma,NULL,Male,NULL,NULL,2023-10-30
342,NULL,Johnson,Female,Canada,London,2023-10-03
343,NULL,NULL,Male,Brazil,Paris,2022-10-01
344,Emma,NULL,Male,Brazil,NULL,2024-11-14
345,Sophia,Anderson,Male,USA,Chicago,2022-01-25
346,NULL,Smith,Female,USA,NULL,2023-06-01
347,Sarah,Brown,NULL,Canada,Vancouver,2023-12-22
348,John,NULL,Male,Canada,Vancouver,2024-03-05
349,Linda,NULL,Male,NULL,Manchester,2023-07-11
350,NULL,NULL,NULL,NULL,Sao Paulo,2022-03-21
351,NULL,NULL,Female,NULL,Sao Paulo,2025-09-28
352,NULL,Harris,NULL,Canada,NULL,2023-04-09
353,Olivia,Smith,NULL,NULL,NULL,2023-04-12
354,NULL,White,Male,Brazil,NULL,2025-04-04
355,Linda,Brown,NULL,NULL,NULL,2025-04-03
356,John,NULL,NULL,Germany,London,2025-05-20
357,NULL,Taylor,Male,NULL,Vancouver,2025-10-26
358,NULL,NULL,Male,Brazil,Manchester,2023-01-24
359,Emma,Brown,NULL,Brazil,NULL,2024-10-06
360,NULL,Martin,Male,France,NULL,2025-10-12
361,NULL,NULL,Male,NULL,Sao Paulo,2025-09-07
362,John,Smith,Male,USA,Toronto,2025-01-06
363,John,Thomas,Female,Germany,NULL,2023-11-04
364,NULL,Johnson,Female,Canada,NULL,2025-10-07
365,Sarah,NULL,Male,France,Toronto,2023-07-03
366,Sophia,White,Male,France,Toronto,2024-08-18
367,John,NULL,Female,USA,NULL,2023-09-05
368,John,Smith,Male,UK,NULL,2025-03-09
369,NULL,Jackson,Male,USA,NULL,2024-12-08
370,NULL,Johnson,Female,Brazil,Vancouver,2024-11-21
371,NULL,NULL,Male,Canada,NULL,2023-12-08
372,Daniel,NULL,NULL,France,Toronto,2022-04-16
373,Emma,White,Male,Canada,New York,2025-01-01
374,NULL,NULL,Male,USA,London,2025-10-02
375,David,Martin,Male,Germany,Toronto,2023-08-21
376,David,Johnson,Female,Canada,New York,2023-12-17
377,NULL,Smith,Male,NULL,New York,2022-03-04
378,NULL,Thomas,Female,USA,NULL,2023-12-27
379,NULL,NULL,Male,NULL,NULL,2024-06-27
380,NULL,Anderson,NULL,Canada,NULL,2022-09-25
381,David,Thomas,Male,NULL,Paris,2023-03-13
382,James,NULL,Male,USA,Sao Paulo,2024-06-18
383,NULL,NULL,Male,Canada,Toronto,2022-10-19
384,David,Taylor,Male,NULL,Toronto,2023-11-07
385,Emma,Taylor,Male,NULL,NULL,2022-08-21
386,Michael,NULL,Female,NULL,Chicago,2025-04-04
387,John,NULL,NULL,NULL,Chicago,2023-08-03
388,John,Taylor,NULL,NULL,Berlin,2025-03-17
389,NULL,White,NULL,Germany,London,2024-02-03
390,NULL,Johnson,NULL,NULL,Sao Paulo,2023-07-09
391,Sarah,NULL,Male,NULL,Vancouver,2024-06-17
392,David,NULL,Male,USA,NULL,2025-04-14
393,John,Smith,Female,Germany,NULL,2025-04-12
394,Daniel,NULL,Male,USA,New York,2025-04-29
395,Emma,Smith,Female,Germany,NULL,2023-12-14
396,Emma,Johnson,Male,Brazil,Sao Paulo,2024-07-08
397,John,Smith,Female,USA,NULL,2024-09-27
398,Olivia,NULL,Female,France,NULL,2025-07-02
399,Emma,Johnson,NULL,Canada,New York,2022-04-08
400,NULL,NULL,Male,USA,New York,2023-12-06
401,James,NULL,NULL,USA,NULL,2023-07-04
402,Daniel,NULL,NULL,NULL,NULL,2023-12-10
403,NULL,Anderson,Female,NULL,New York,2023-05-28
404,NULL,NULL,Female,NULL,Chicago,2024-08-30
405,NULL,NULL,Female,Brazil,Paris,2022-07-03
406,NULL,Brown,Female,NULL,Toronto,2022-05-09
407,Linda,NULL,Male,Canada,London,2023-02-26
408,David,Brown,Male,NULL,New York,2025-01-23
409,Sarah,NULL,NULL,Germany,London,2022-07-02
410,David,White,NULL,Germany,Sao Paulo,2023-08-30
411,NULL,Thomas,NULL,France,Vancouver,2025-05-30
412,John,NULL,Male,NULL,Manchester,2024-11-12
413,Sarah,Johnson,NULL,Brazil,London,2023-11-03
414,David,Smith,Male,NULL,London,2024-05-17
415,Daniel,Anderson,Male,France,Sao Paulo,2025-02-19
416,Michael,Brown,Female,Canada,New York,2023-03-01
417,NULL,Jackson,Female,USA,NULL,2024-07-11
418,Michael,NULL,Male,Canada,Munich,2025-06-27
419,Emma,Harris,Male,USA,Berlin,2024-01-13
420,NULL,Smith,Male,NULL,London,2024-11-03
421,Sophia,NULL,NULL,NULL,NULL,2023-10-13
422,David,NULL,Male,UK,Toronto,2022-11-16
423,Emma,Anderson,Male,France,NULL,2022-03-08
424,NULL,Smith,NULL,USA,NULL,2022-06-29
425,Olivia,NULL,NULL,NULL,Munich,2023-10-09
426,John,Martin,NULL,USA,Manchester,2024-04-02
427,Emma,Smith,Male,NULL,London,2023-10-19
428,Linda,NULL,Male,NULL,Chicago,2022-03-31
429,NULL,NULL,Male,USA,NULL,2023-03-25
430,NULL,NULL,Female,USA,Berlin,2023-12-15
431,Linda,Johnson,Male,USA,London,2023-07-27
432,John,Smith,Male,USA,NULL,2023-11-05
433,David,NULL,Male,Brazil,New York,2025-07-24
434,Olivia,Jackson,NULL,USA,Chicago,2024-01-25
435,Sophia,NULL,Male,NULL,New York,2023-05-24
436,Linda,Brown,NULL,Germany,New York,2025-01-17
437,Michael,Johnson,Female,Brazil,London,2022-11-17
438,Sophia,White,Female,Germany,NULL,2023-06-04
439,Michael,Thomas,Male,Germany,Berlin,2023-02-22
440,NULL,NULL,Male,Germany,Sao Paulo,2024-11-14
441,Sophia,Smith,Female,USA,Toronto,2023-11-22
442,Sarah,Johnson,Female,USA,New York,2024-06-16
443,NULL,NULL,NULL,USA,Manchester,2024-04-25
444,Emma,NULL,Female,NULL,Manchester,2023-12-02
445,NULL,Johnson,Male,NULL,NULL,2023-12-16
446,Emma,NULL,Male,Brazil,Sao Paulo,2025-04-04
447,John,Johnson,Male,France,Toronto,2023-12-11
448,James,White,Female,USA,NULL,2023-08-20
449,Olivia,NULL,Male,NULL,Munich,2024-07-14
450,Emma,Smith,Male,France,London,2022-03-26
451,NULL,NULL,Male,NULL,Berlin,2022-05-21
452,Olivia,NULL,Male,NULL,Paris,2022-05-04
453,NULL,NULL,Female,France,NULL,2022-09-27
454,NULL,Harris,Male,NULL,Berlin,2023-06-14
455,Emma,Smith,NULL,Brazil,Vancouver,2024-08-29
456,NULL,Thomas,Male,NULL,New York,2024-06-28
457,Emma,NULL,Female,NULL,NULL,2023-02-22
458,NULL,Smith,Male,NULL,Munich,2023-10-17
459,John,Jackson,Male,NULL,NULL,2024-09-21
460,Sarah,White,Female,USA,NULL,2025-06-05
461,NULL,Jackson,Female,Germany,London,2022-08-18
462,NULL,Martin,Male,France,Sao Paulo,2022-03-20
463,Linda,Smith,Male,NULL,Vancouver,2024-08-05
464,Sophia,Smith,NULL,Germany,London,2022-08-05
465,David,NULL,Male,NULL,NULL,2024-10-15
466,Michael,Harris,NULL,UK,NULL,2024-02-13
467,Olivia,Harris,Male,France,NULL,2022-02-12
468,NULL,NULL,Male,NULL,Toronto,2023-10-24
469,NULL,NULL,Female,France,Sao Paulo,2025-09-17
470,NULL,Jackson,Male,NULL,London,2024-06-09
471,James,Harris,NULL,Canada,NULL,2023-06-23
472,Michael,Thomas,Male,Germany,London,2024-02-24
473,John,NULL,Female,Germany,New York,2023-12-15
474,Michael,Smith,Male,NULL,Chicago,2024-12-21
475,NULL,NULL,Male,NULL,New York,2022-06-25
476,Linda,Taylor,Female,Germany,London,2023-03-13
477,NULL,White,Male,USA,Munich,2025-10-27
478,Emma,NULL,NULL,UK,Berlin,2022-07-09
479,James,Smith,Male,NULL,New York,2025-02-09
480,Michael,Smith,NULL,Brazil,London,2022-01-18
481,Olivia,Martin,Female,Brazil,NULL,2025-10-12
482,James,Johnson,Male,Germany,Munich,2022-09-17
483,Michael,Brown,Female,NULL,Vancouver,2024-01-03
484,John,Smith,Female,UK,Munich,2022-01-18
485,NULL,Thomas,Male,Canada,Vancouver,2023-02-07
486,Daniel,Anderson,Female,UK,Paris,2025-06-04
487,John,Harris,Male,UK,Munich,2025-07-07
488,Emma,Smith,Male,UK,Berlin,2022-03-01
489,Sophia,Brown,NULL,NULL,Vancouver,2023-12-29
490,David,NULL,Male,Germany,Toronto,2022-12-09
491,NULL,Anderson,Female,France,Berlin,2023-05-06
492,Michael,Brown,Female,Germany,New York,2024-02-21
493,Sarah,Brown,NULL,NULL,Sao Paulo,2022-04-26
494,John,NULL,Male,UK,London,2025-02-03
495,Daniel,Thomas,Male,Canada,NULL,2023-12-17
496,Sarah,NULL,Female,Germany,NULL,2023-10-31
497,John,White,NULL,UK,Vancouver,2024-03-18
498,Sarah,Smith,NULL,NULL,Vancouver,2024-04-17
499,David,Thomas,Male,UK,London,2022-04-07
500,Michael,Thomas,NULL,Germany,Berlin,2023-10-16
